129.04,23.121,105.6,2.6854,-273.93
197.75,46.151,138.97,4.2838,-164.36
177.61,68.999,109.89,-0.074095,273.93
213.74,91.575,122.99,-1.3503,164.36
164.23,113.79,103.17,4.7633,-219.15
148.82,135.55,129.48,-4.715,-273.93
160.52,156.78,100.79,-0.20921,109.57
101.44,177.4,49.365,3.413,328.72
112.91,197.31,96.806,-3.5657,-109.57
124.73,216.44,103.98,-3.6738,0
125.23,234.72,89.34,-1.8677,-54.786
182.79,252.07,130.06,-2.9108,-273.93
191.88,268.43,139.5,-4.0793,273.93
136.42,283.72,84.696,1.2876,109.57
182.35,297.9,132.19,2.5597,-328.72
192.34,310.91,135.93,-4.2405,328.72
163.84,322.68,127.33,-2.9821,-54.786
142.73,333.18,118.96,-2.8896,273.93
241.21,342.37,166.6,-2.4174,54.786
192.66,350.21,147.8,-3.9235,219.15
204.83,356.66,188.48,-0.22331,-109.57
162.86,361.71,110.83,2.6469,-109.57
144.17,365.32,110.27,0.72385,-54.786
164.46,367.5,153.66,0.082671,0
190.41,368.23,155.31,4.8401,-109.57
147.44,367.5,105.91,2.2696,-109.57
160.61,365.32,145.73,2.5136,328.72
178.01,361.71,119.71,3.3583,-164.36
171.82,356.66,150.89,-0.78288,-109.57
171.16,350.21,130.07,-2.3098,0
127.67,342.37,89.615,0.20574,-383.5
120.97,333.18,91.396,-2.1819,0
113.26,322.68,92.519,1.0963,0
117.47,310.91,98.206,-2.8149,164.36
197.34,297.9,144.52,-4.6878,164.36
179.56,283.72,142.74,-3.6402,-109.57
153.07,268.43,96.498,4.497,0
144.44,252.07,111.1,-4.8326,-164.36
184.88,234.72,136.26,0.47802,-219.15
213.24,216.44,163.32,-0.41254,-383.5
167.71,197.31,99.345,4.3765,-54.786
66.385,177.4,65.921,1.0819,-109.57
152.42,156.78,116.82,-1.804,-54.786
178.93,135.55,138.64,0.11433,-109.57
105.43,113.79,96.958,3.191,-54.786
116.2,91.575,89.539,3.9684,-273.93
147.46,68.999,104.29,3.1087,109.57
182.09,46.151,140.76,-2.5008,-164.36
202.06,23.121,144.95,-4.0721,219.15
118.81,4.51E-14,63.62,-4.7865,-219.15
216.92,-23.121,173.47,3.1191,-54.786
222.49,-46.151,162.13,3.1542,54.786
135.8,-68.999,110.2,-3.8064,109.57
173.18,-91.575,108.47,-1.1401,-328.72
151.55,-113.79,90.654,-2.8498,273.93
178.13,-135.55,130.56,-3.3523,0
228.62,-156.78,167.72,0.97854,-109.57
189.42,-177.4,128.72,0.40125,273.93
131.02,-197.31,109.2,-1.035,164.36
146.7,-216.44,150.43,-2.425,-328.72
154.4,-234.72,112.61,-3.5273,273.93
188.87,-252.07,133.17,4.4213,-54.786
153.14,-268.43,111.34,1.9775,164.36
136.36,-283.72,69.762,-0.23506,0
149.8,-297.9,102.64,0.025994,-54.786
196.12,-310.91,119.49,-3.3201,0
208.93,-322.68,160.21,1.613,109.57
167.14,-333.18,135.13,-2.5552,-109.57
89.702,-342.37,94.016,0.61705,219.15
125.39,-350.21,98.691,-4.4046,54.786
217.95,-356.66,147.34,2.3362,-164.36
285.24,-361.71,208.62,-3.4673,328.72
160.53,-365.32,134.81,3.4417,383.5
172.92,-367.5,148.27,3.0679,219.15
146.48,-368.23,122.02,0.39118,-109.57
209.39,-367.5,156.02,-1.7023,328.72
155.05,-365.32,115.8,-4.0158,0
232.63,-361.71,161.02,0.61443,219.15
119.85,-356.66,88.708,2.9275,109.57
164.35,-350.21,133.56,-4.5067,-109.57
155.98,-342.37,115.21,-4.4213,-219.15
161.07,-333.18,140.15,-1.1121,219.15
152.9,-322.68,119.13,-1.2319,-219.15
154.57,-310.91,117.6,-3.2408,328.72
172.1,-297.9,145.93,-0.76571,-383.5
225.5,-283.72,174.28,-0.36018,328.72
245.9,-268.43,194.42,-0.56374,328.72
130.5,-252.07,103.93,-1.9935,164.36
217.8,-234.72,166.34,1.4025,-109.57
178.68,-216.44,129.85,-3.5766,-109.57
122.48,-197.31,73.309,-4.5112,-164.36
168.58,-177.4,91.615,-2.258,54.786
165.04,-156.78,107.04,3.7927,-219.15
193.22,-135.55,179.67,-2.7105,-383.5
187.53,-113.79,125.79,-0.25713,-328.72
174.28,-91.575,119.68,2.4039,273.93
142.32,-68.999,91.788,-1.6976,-164.36
121.67,-46.151,70.905,-1.8783,-109.57
252.91,-23.121,174.32,-3.2674,-164.36
210.04,-9.02E-14,128.82,3.1236,-328.72
150.35,23.121,113.63,0.45243,109.57
153.98,46.151,115.15,0.45546,-328.72
176.92,68.999,128.22,-3.4652,219.15
236.17,91.575,180.62,3.3057,0
172,113.79,104.11,-3.7342,273.93
61.603,135.55,51.177,1.2579,-219.15
228.89,156.78,148.44,1.5758,0
246.06,177.4,192.92,1.9799,-109.57
81.112,197.31,39.028,-2.4201,328.72
132.38,216.44,86.946,3.8216,328.72
128.4,234.72,101.64,0.30756,-219.15
225.29,252.07,161.69,0.020281,219.15
138.85,268.43,103.9,-4.6462,-164.36
159.25,283.72,127.43,-4.6673,-109.57
176.82,297.9,155.36,1.3594,328.72
191.61,310.91,146.51,3.1917,109.57
154.97,322.68,111.15,3.6113,-219.15
239.33,333.18,165.28,-4.5026,0
171.64,342.37,135.89,-3.7581,0
188.82,350.21,153.99,-4.406,164.36
123.36,356.66,100.58,-3.2222,109.57
160.91,361.71,96.596,0.74567,219.15
165.1,365.32,138.34,4.38,-54.786
273.2,367.5,187.51,-2.8883,273.93
188.23,368.23,144.68,-2.4885,328.72
205.57,367.5,151.56,-3.3614,-328.72
153.92,365.32,120.07,-0.29434,273.93
192.79,361.71,156.25,-1.6578,164.36
112.44,356.66,88.209,-2.3349,328.72
168.96,350.21,117.06,3.1721,-54.786
188.71,342.37,146.68,-1.1912,219.15
115.86,333.18,94.934,-0.3038,0
164.78,322.68,124.91,-3.9822,-54.786
127.89,310.91,90.812,2.2389,164.36
126.97,297.9,111.76,-0.56204,-109.57
158.35,283.72,120.89,2.1612,54.786
193.8,268.43,149.71,3.4452,273.93
170.28,252.07,138.69,-3.9029,-164.36
120.52,234.72,89.788,-3.7094,54.786
196.73,216.44,140.73,-0.8709,-54.786
177.52,197.31,112.66,-1.6211,-54.786
191.81,177.4,141.1,-4.6514,328.72
182.67,156.78,129.79,-1.7186,-383.5
243.98,135.55,183.77,1.9869,164.36
100,113.79,79.458,1.5468,-273.93
128.67,91.575,115.43,-1.2985,-219.15
154.21,68.999,96.05,-4.1102,164.36
210.77,46.151,162.17,-4.7885,109.57
194.22,23.121,144.02,1.3504,0
222.79,1.35E-13,158.05,-1.7141,-164.36
186.24,-23.121,137.02,-3.2969,164.36
204.66,-46.151,142.63,-0.70822,54.786
137.28,-68.999,88.337,2.4331,-219.15
105.63,-91.575,84.438,0.40405,-383.5
77.712,-113.79,54.391,4.0994,-328.72
173.06,-135.55,120.78,-2.3434,-54.786
193.29,-156.78,134.05,4.1598,328.72
177.61,-177.4,129.24,-3.2078,164.36
132.4,-197.31,115.77,-2.9144,-54.786
150.88,-216.44,122.58,2.5206,-54.786
173.62,-234.72,91.744,0.77934,273.93
189.18,-252.07,137.87,-1.3742,-54.786
195.76,-268.43,117.76,2.8416,-273.93
129.99,-283.72,109.22,0.24571,109.57
112.19,-297.9,99.062,3.5379,109.57
95.514,-310.91,80.698,-4.6451,328.72
238.06,-322.68,164.46,2.4022,219.15
190.56,-333.18,126.7,1.3401,0
156.61,-342.37,109.8,4.8175,-164.36
128.79,-350.21,66.786,-2.8908,-273.93
90.654,-356.66,58.31,-0.88364,-328.72
140.15,-361.71,90.442,-3.2638,109.57
186.25,-365.32,110.57,1.5954,0
186.45,-367.5,159.24,4.6999,-109.57
220.35,-368.23,175.52,-2.1613,-164.36
217.2,-367.5,150.53,2.8554,-164.36
102.96,-365.32,61.968,-3.182,109.57
128.86,-361.71,106.2,1.9102,0
129.17,-356.66,98.057,1.5905,54.786
143.52,-350.21,119.48,-0.1069,-328.72
207.09,-342.37,153.45,3.0579,-54.786
162.37,-333.18,112.01,-3.3657,-54.786
188.45,-322.68,168.81,3.9985,109.57
155.51,-310.91,140.69,-4.1993,164.36
172.92,-297.9,131.51,2.488,-54.786
148.87,-283.72,122,-2.4172,0
204.68,-268.43,156.37,-2.2636,273.93
166.66,-252.07,112.7,4.2873,164.36
134.07,-234.72,95.932,-4.631,219.15
190.17,-216.44,91.835,-2.9786,0
170.2,-197.31,121.91,-0.040439,-164.36
168.66,-177.4,132.3,1.383,164.36
170.35,-156.78,112.43,4.46,54.786
243.65,-135.55,182.9,0.43948,-54.786
149.02,-113.79,118.02,2.6916,-273.93
173.46,-91.575,134.21,1.963,-383.5
101.06,-68.999,98.966,-2.4082,109.57
206.42,-46.151,147.64,0.85091,273.93
141.86,-23.121,106.63,1.6567,-273.93
118.6,-1.80E-13,101.4,1.2515,219.15
140.13,23.121,90.89,4.8154,164.36
137.75,46.151,96.329,-3.6319,-383.5
154.24,68.999,119.64,3.978,0
194.96,91.575,134.12,3.9684,109.57
200.06,113.79,132.21,-4.7012,-54.786
128.09,135.55,106,1.4573,54.786
175.96,156.78,152.49,-4.1966,109.57
288.2,177.4,190.75,-2.0337,328.72
189.44,197.31,147.84,4.3453,-54.786
155.42,216.44,123.49,1.5719,54.786
194.6,234.72,154.29,4.4611,-383.5
131.82,252.07,115.87,-1.4564,-109.57
167.49,268.43,120.42,-2.2184,-328.72
16.97,283.72,0,-1.2002,109.57
142.34,297.9,127.91,-1.8563,273.93
191.27,310.91,124.18,-2.8952,-273.93
170.23,322.68,128.41,0.34253,328.72
179.48,333.18,108.98,-2.5686,54.786
207.67,342.37,176.34,1.1846,-273.93
92.994,350.21,62.329,-1.0155,164.36
149.36,356.66,99.612,-0.4738,273.93
81.342,361.71,50.571,1.6579,-273.93
130.75,365.32,93.795,-1.7416,-273.93
166.24,367.5,97.436,-3.2647,-164.36
244.66,368.23,177.33,4.3452,328.72
126.49,367.5,108.08,1.5434,-109.57
137.06,365.32,79.03,2.7868,54.786
160.16,361.71,126.97,-2.2939,-328.72
132.4,356.66,77.373,1.6501,273.93
119.69,350.21,113.49,1.1624,-54.786
161.18,342.37,140.68,1.4728,273.93
111.52,333.18,71.97,2.0958,219.15
128.18,322.68,93.813,-4.1097,-219.15
220.71,310.91,168.42,2.5035,109.57
147.71,297.9,112.3,3.4298,-219.15
65.417,283.72,36.763,-1.5731,-219.15
170.94,268.43,139.77,1.0054,164.36
175.14,252.07,149.69,-2.4887,-109.57
167.36,234.72,136.92,-1.9399,109.57
132.82,216.44,84.893,1.3229,-273.93
149.88,197.31,100.6,4.5273,54.786
164.88,177.4,122.87,-3.1045,-328.72
119.66,156.78,97.551,-0.82784,-328.72
213.72,135.55,172.72,-4.3891,-164.36
168.52,113.79,139.63,-4.5736,109.57
188.12,91.575,149.67,3.9673,109.57
121.75,68.999,118.45,-0.11389,273.93
147.82,46.151,100.31,-2.6761,328.72
182.15,23.121,141.07,-3.3496,0
185.26,8.80E-13,133.29,0.97659,-219.15
208.19,-23.121,141.79,4.8044,219.15
176.22,-46.151,128.34,2.1984,-273.93
217.61,-68.999,158.54,-0.65043,273.93
172.01,-91.575,152.53,-2.4679,-164.36
172.35,-113.79,144.05,-2.2205,-54.786
148.67,-135.55,110.28,1.2228,164.36
109.4,-156.78,102.94,3.7712,-328.72
155.56,-177.4,113.84,-1.5821,-219.15
228.65,-197.31,173.98,1.949,328.72
234.29,-216.44,158.94,4.5959,219.15
136.27,-234.72,111.51,-3.6323,273.93
144.23,-252.07,96.916,-4.8085,0
113.97,-268.43,67.228,-0.56693,-54.786
130.95,-283.72,120.53,-3.0289,-109.57
196.85,-297.9,125.84,-3.587,164.36
158.48,-310.91,98.166,1.2662,-54.786
197.45,-322.68,160.51,4.165,0
195.47,-333.18,133.52,-2.9659,273.93
120.32,-342.37,85.642,-0.91036,109.57
132.71,-350.21,112.2,-1.3979,164.36
141.92,-356.66,98.615,3.5065,219.15
167.7,-361.71,140.69,3.6476,0
184.59,-365.32,168,-1.8599,-164.36
124.82,-367.5,86.147,0.19591,-273.93
115.12,-368.23,84.559,2.4623,-328.72
186.09,-367.5,126.05,-1.8961,-164.36
156.79,-365.32,110.18,3.4855,164.36
164.15,-361.71,133.38,-2.9372,328.72
115.24,-356.66,91.827,-2.9198,54.786
135.32,-350.21,96.479,-4.2218,219.15
221.21,-342.37,161.18,1.8565,328.72
176.28,-333.18,114.14,-4.2363,109.57
136.67,-322.68,82.664,-0.55679,-383.5
200.38,-310.91,165.1,-2.4077,0
112.61,-297.9,116.28,-1.7194,-328.72
145.97,-283.72,142.53,-3.9558,109.57
140.74,-268.43,119.75,3.1282,328.72
107.84,-252.07,84.525,-3.8485,-109.57
155.23,-234.72,129.91,-3.1338,54.786
207.87,-216.44,153.8,4.6404,-54.786
90.312,-197.31,80.898,0.52201,328.72
179.84,-177.4,133.33,-4.4998,-273.93
147.18,-156.78,113.08,-3.9158,328.72
188.16,-135.55,114.08,0.78878,-109.57
184.24,-113.79,130.73,4.6283,54.786
157.36,-91.575,140.98,-4.8536,-219.15
265.01,-68.999,198.93,3.0615,-273.93
196.45,-46.151,124.23,-1.326,273.93
164.38,-23.121,128.93,-1.3953,-109.57
168.36,-2.71E-13,157.61,1.2266,-109.57
199.03,23.121,142.34,3.9308,273.93
183.82,46.151,123.36,-2.69,328.72
111.17,68.999,114.94,-2.943,219.15
216.45,91.575,162.12,-2.9139,328.72
166.67,113.79,123.12,3.2674,219.15
154.22,135.55,95.462,-0.87661,328.72
182,156.78,135.42,0.73358,219.15
189.72,177.4,144.09,0.55842,-54.786
128.77,197.31,74.871,3.4008,-273.93
104.37,216.44,117.48,-0.41222,-273.93
186.48,234.72,151.02,-1.0228,54.786
133.04,252.07,97.732,-0.81259,-328.72
146.55,268.43,119.46,-1.1402,273.93
116.49,283.72,92.231,-1.3707,273.93
148.07,297.9,100.34,-1.9025,-328.72
118.27,310.91,85.69,2.6482,54.786
156.99,322.68,105.47,3.8876,219.15
162.57,333.18,107.33,4.5746,-219.15
163.6,342.37,116.35,-4.5247,54.786
189.59,350.21,128.89,-3.4552,-54.786
227.14,356.66,142.27,1.5437,-219.15
186.04,361.71,126.85,-1.7441,219.15
172.17,365.32,116.99,-3.6796,219.15
110.58,367.5,69.465,-0.58374,-109.57
162.59,368.23,121.5,-2.9435,-54.786
151.04,367.5,104.76,1.5032,54.786
165.37,365.32,129.1,-4.0267,-164.36
206.64,361.71,160.22,-4.7086,219.15
154.16,356.66,126.87,0.758,54.786
136.13,350.21,107.26,4.3761,164.36
92.64,342.37,76.768,2.907,273.93
160.21,333.18,132.36,-0.67928,164.36
65.402,322.68,42.323,1.6639,109.57
216.93,310.91,176.99,0.3267,-54.786
150.95,297.9,90.197,3.1938,-164.36
193.33,283.72,127.6,2.6105,109.57
152.57,268.43,109.9,-4.1449,54.786
169.82,252.07,137.42,-2.1679,109.57
177.23,234.72,109.99,0.76386,273.93
95.281,216.44,61.013,-2.1698,-273.93
164.97,197.31,92.137,-2.7892,328.72
172.53,177.4,112.2,3.2163,-273.93
114.33,156.78,100.27,-3.1012,-328.72
73.737,135.55,53.329,-0.017872,219.15
220.26,113.79,147.03,-0.46308,164.36
291.27,91.575,201.31,-0.70447,109.57
165.14,68.999,73.356,3.4627,-273.93
232.25,46.151,179.98,1.7676,219.15
158.74,23.121,128.6,3.9644,328.72
145.6,1.62E-12,118.95,-2.1406,164.36
182.14,-23.121,107.82,-4.1156,109.57
194.42,-46.151,131.35,1.4738,-273.93
158.44,-68.999,102.96,-1.7587,-328.72
164.2,-91.575,121.78,-2.199,-273.93
111.58,-113.79,82.012,2.6428,54.786
130.34,-135.55,80.298,0.37592,-328.72
139.61,-156.78,127.07,0.94807,109.57
213.71,-177.4,171.09,3.6801,-328.72
147.07,-197.31,90.769,-2.6314,-273.93
132.65,-216.44,82.221,3.1762,164.36
210.76,-234.72,142.81,2.5101,-164.36
119.76,-252.07,78.86,2.5306,164.36
131.25,-268.43,85.54,1.5387,-219.15
191.73,-283.72,136.29,3.4892,-219.15
147.54,-297.9,91.953,-0.22288,-109.57
221.07,-310.91,178.07,2.9602,109.57
180.53,-322.68,105.22,-2.0752,273.93
177.12,-333.18,142.11,-1.6232,273.93
177.33,-342.37,144.03,4.7715,-273.93
213.32,-350.21,154.33,-1.9002,109.57
164.63,-356.66,112.26,-4.3907,-164.36
146.41,-361.71,110.59,-0.9881,-109.57
89.989,-365.32,80.109,0.47968,164.36
212.53,-367.5,173.6,-3.0184,0
151.39,-368.23,93.568,0.67184,273.93
96.163,-367.5,83.279,3.8613,-109.57
253.2,-365.32,173.86,0.11758,328.72
279.11,-361.71,188.8,-2.1929,-54.786
210.71,-356.66,169.68,1.3467,219.15
128.15,-350.21,112.94,-1.5315,273.93
176.72,-342.37,138.15,2.462,-219.15
195.73,-333.18,153.29,-1.3978,-164.36
194.17,-322.68,135.24,-4.6871,0
168.65,-310.91,108.87,-3.7584,54.786
194.76,-297.9,138.63,2.1264,-164.36
213.34,-283.72,148.41,-0.44831,54.786
114.05,-268.43,123.6,-1.7784,-328.72
164.5,-252.07,135.52,-2.4328,54.786
135.27,-234.72,102.83,-2.1121,-328.72
140.9,-216.44,106.64,-3.8061,-109.57
155.18,-197.31,124.93,-4.0667,-54.786
230.11,-177.4,149.87,0.23899,-109.57
208.72,-156.78,134.29,-4.1855,109.57
199.63,-135.55,145.53,-1.1762,-273.93
193.7,-113.79,158.51,-0.77355,-219.15
112.71,-91.575,78.74,-4.7794,-273.93
112.1,-68.999,83.776,-1.4432,-328.72
206.73,-46.151,156.93,-1.2796,-164.36
209.65,-23.121,148.53,-3.1513,-164.36
206.34,-3.61E-13,157.83,2.7438,328.72
124.73,23.121,87.108,-1.0135,-54.786
162.97,46.151,112.44,4.5432,-273.93
141.73,68.999,92.271,-3.3798,54.786
194.12,91.575,164.4,-4.1478,328.72
167.8,113.79,125.67,-0.90777,219.15
239.62,135.55,160.23,-1.9505,-164.36
177.13,156.78,136.43,3.2658,-328.72
170.7,177.4,119.68,-0.39879,-164.36
168.28,197.31,134.48,-3.7243,-109.57
192.83,216.44,133.66,3.0338,328.72
154.13,234.72,103.92,-2.6138,328.72
112.57,252.07,81.167,-0.29641,-273.93
129.64,268.43,98.357,1.5983,0
179.63,283.72,127.57,-2.8854,0
86.699,297.9,56.097,0.73842,-273.93
112.84,310.91,79.34,-1.5017,219.15
114.16,322.68,91.165,3.0259,-54.786
233.29,333.18,167.75,-1.1301,219.15
163.27,342.37,93.492,2.4943,-54.786
140.43,350.21,96.535,-0.13944,-109.57
139.71,356.66,87.787,-3.6286,-219.15
176.62,361.71,112.8,3.4192,328.72
187.75,365.32,117.45,-1.457,-383.5
282.6,367.5,193.85,3.6111,383.5
147.7,368.23,101.19,-4.1133,-109.57
92.887,367.5,63.802,0.0039966,219.15
153.52,365.32,93.334,-0.4041,273.93
181.3,361.71,116.01,0.9246,54.786
166.53,356.66,113.02,-0.3569,-54.786
193.38,350.21,143.9,-0.80534,-383.5
191.8,342.37,135.22,-1.3936,-109.57
173.13,333.18,121.25,3.4907,-54.786
186.34,322.68,150.86,3.0944,164.36
275.99,310.91,213.23,-0.4479,164.36
140.55,297.9,80.418,3.6672,328.72
198,283.72,121.58,0.95238,164.36
144.69,268.43,113.42,2.1648,-109.57
215.7,252.07,194.27,1.6056,-164.36
121.5,234.72,71.102,-3.4191,-328.72
189.88,216.44,150.2,2.4746,-164.36
185.3,197.31,151,4.065,164.36
182.59,177.4,108.85,-2.3941,-273.93
244.77,156.78,175.41,-0.3258,-328.72
179.77,135.55,99.565,-4.3342,164.36
212.28,113.79,154.89,4.5607,109.57
136.05,91.575,94.126,-3.1916,164.36
157.2,68.999,108.04,2.0564,-219.15
149.11,46.151,88.308,4.656,-219.15
209.65,23.121,146.1,2.5356,164.36
140.32,4.06E-13,79.152,0.47095,328.72
126.08,-23.121,75.174,-1.555,-164.36
173.54,-46.151,138.86,-2.2228,328.72
119.37,-68.999,97.789,1.3925,-328.72
291.06,-91.575,195.45,2.8233,54.786
82.532,-113.79,48.76,0.6435,-328.72
121.05,-135.55,108.18,-3.1916,273.93
163.17,-156.78,142.85,1.4393,0
136.23,-177.4,89.717,-3.1469,54.786
181.2,-197.31,108.05,4.4909,54.786
233.56,-216.44,164.8,4.6172,328.72
180.71,-234.72,129.81,3.1651,-54.786
147.87,-252.07,97.824,0.76279,164.36
173.49,-268.43,127.43,3.6856,273.93
115.71,-283.72,88.313,-2.6838,-109.57
110.64,-297.9,91.894,0.6947,328.72
150.26,-310.91,125.4,-3.3915,-164.36
142.02,-322.68,109.96,1.1981,273.93
193.09,-333.18,150.81,-4.2818,54.786
284.01,-342.37,198.85,-3.5239,-109.57
160.89,-350.21,103.27,-3.878,328.72
58.837,-356.66,41.728,-1.6468,273.93
102.48,-361.71,81.853,-3.6151,54.786
59.935,-365.32,53.035,0.35481,54.786
164.61,-367.5,115.33,-0.9885,54.786
146.36,-368.23,102.95,3.6599,0
80.878,-367.5,74.109,0.70986,-109.57
136.66,-365.32,125.87,1.0935,-164.36
141.65,-361.71,100.97,-2.9303,328.72
202.65,-356.66,162.38,4.2025,328.72
220.26,-350.21,141.45,0.066674,-383.5
244.99,-342.37,183.86,1.0191,328.72
216.02,-333.18,150.84,3.6561,-328.72
220.16,-322.68,172.06,-2.9089,109.57
108.69,-310.91,88.409,-0.42231,164.36
81.073,-297.9,51.16,0.92316,328.72
160.39,-283.72,101.25,-0.49288,-164.36
192.37,-268.43,140.36,-2.875,-109.57
198.1,-252.07,132.03,-3.6683,-219.15
60.997,-234.72,63.666,-3.2296,54.786
114.69,-216.44,82.901,-2.3337,273.93
152.87,-197.31,110.02,-3.9407,-54.786
135,-177.4,93.937,-2.2732,-273.93
199.76,-156.78,121.11,-2.7768,54.786
159.31,-135.55,128.24,4.7253,54.786
137.47,-113.79,107.79,-4.8328,-328.72
190.08,-91.575,137.05,-4.0114,-164.36
114.61,-68.999,64.262,-0.29481,54.786
101.06,-46.151,60.589,-3.9373,-109.57
171.08,-23.121,143.71,4.8013,-109.57
144.45,-1.76E-12,92.41,2.5853,109.57
197.59,23.121,130.45,3.5547,109.57
132.29,46.151,91.108,-2.0581,-273.93
123.41,68.999,73.431,-4.4576,328.72
157.23,91.575,133.84,2.3188,0
143.52,113.79,122.39,0.30039,273.93
234.17,135.55,168.8,1.5564,-273.93
198.42,156.78,144.38,-3.8605,164.36
141.34,177.4,123.46,-1.6948,-219.15
59.906,197.31,66.022,-2.4275,-164.36
153.61,216.44,97.658,-4.2545,0
151.3,234.72,113.7,3.829,-164.36
173.94,252.07,106.51,-3.1299,-328.72
178.72,268.43,140.31,-1.3554,273.93
93.598,283.72,57.461,-3.0028,273.93
106.28,297.9,86.372,-2.4453,-328.72
172.2,310.91,126.77,3.0805,-54.786
164.5,322.68,137.12,-2.8551,-328.72
77.652,333.18,46.897,3.8005,-109.57
127.99,342.37,81.185,4.4148,109.57
98.428,350.21,72.403,2.4107,328.72
151.22,356.66,72.175,-2.0869,-219.15
186.88,361.71,133.8,1.6879,383.5
134.53,365.32,118.21,-0.13641,-109.57
178.46,367.5,125.52,1.1299,-383.5
136.07,368.23,113.08,-1.6617,164.36
52.399,367.5,53.157,2.0867,219.15
128.04,365.32,79.457,-1.6348,-383.5
156.16,361.71,112.13,0.76456,-164.36
180.57,356.66,136.49,-3.5995,-219.15
151.04,350.21,109.48,-1.5738,109.57
221.77,342.37,161.62,4.4723,219.15
229.58,333.18,142.3,2.0709,-219.15
269.55,322.68,196.09,3.2492,-109.57
154.12,310.91,134.67,-1.1961,-164.36
181.11,297.9,152.3,2.7293,164.36
162.82,283.72,120.52,-0.50917,164.36
173.36,268.43,109.74,2.9371,328.72
195.19,252.07,152.57,4.3678,-164.36
201.77,234.72,119.35,4.5602,-219.15
194.53,216.44,154.56,-0.90214,54.786
187.68,197.31,145.02,1.8617,109.57
117.82,177.4,104.16,-1.1114,54.786
157.59,156.78,116.68,1.7335,328.72
68.271,135.55,38.426,-1.2006,0
153,113.79,116.59,-1.0346,383.5
221.17,91.575,171.67,-2.4929,-109.57
167.91,68.999,92.58,3.2373,273.93
57.667,46.151,15.667,0.047752,109.57
187.79,23.121,131.95,-4.1427,0
180.57,-8.12E-13,133.9,0.4564,0
157.18,-23.121,133.44,-4.8476,273.93
103.59,-46.151,78.763,-3.8983,273.93
115.24,-68.999,90.579,0.5848,0
171.74,-91.575,126.31,-0.043876,-383.5
264.93,-113.79,154.94,0.41269,273.93
129.51,-135.55,82.828,1.6526,-164.36
163.01,-156.78,113.89,4.1106,0
199.6,-177.4,159.31,4.3359,54.786
148.22,-197.31,98.61,-4.2367,-54.786
166.08,-216.44,120.71,-2.3234,273.93
182.82,-234.72,141.51,3.7881,-328.72
144.27,-252.07,98.665,-0.48048,-54.786
156.9,-268.43,130.65,-2.1655,328.72
165.83,-283.72,144.86,4.2529,219.15
180.53,-297.9,121.95,2.2504,-328.72
163.18,-310.91,116.95,3.4713,-109.57
222.76,-322.68,167.49,3.9395,-273.93
83.915,-333.18,85.533,-4.4034,109.57
131.96,-342.37,111.28,4.0604,-54.786
168.39,-350.21,130.59,-4.0924,0
173.27,-356.66,131.13,3.6059,-219.15
74.064,-361.71,48.821,3.3834,273.93
218.67,-365.32,145.33,3.6385,328.72
193.12,-367.5,136.39,4.845,-219.15
193.78,-368.23,121.1,1.8974,-273.93
167.42,-367.5,105.87,1.4982,273.93
198.31,-365.32,160.74,-0.15572,328.72
193.88,-361.71,134.62,1.0311,54.786
236.85,-356.66,170.2,2.6298,-328.72
138.39,-350.21,101.89,-4.7479,109.57
187.89,-342.37,133.26,3.7141,-54.786
115.81,-333.18,89.015,-2.6332,-109.57
160.47,-322.68,103.01,1.8026,-54.786
175.76,-310.91,135.32,-4.8455,-164.36
153.21,-297.9,123.94,-0.92113,-273.93
134.35,-283.72,102.31,-4.5592,54.786
149.08,-268.43,106.2,4.2259,-328.72
168.23,-252.07,140.74,3.998,-273.93
101.92,-234.72,70.957,-0.63112,328.72
151.5,-216.44,133,2.6656,-273.93
116.29,-197.31,83.462,2.2548,-273.93
125.77,-177.4,100.18,-0.19551,328.72
170.08,-156.78,162.98,0.012353,-164.36
178.83,-135.55,96.945,-3.7211,-219.15
205.86,-113.79,141.98,-3.0111,-54.786
174.91,-91.575,147.31,2.9544,54.786
163.05,-68.999,108.18,4.4556,-328.72
157.52,-46.151,118.67,4.3188,328.72
209.01,-23.121,177.21,2.0505,0
140.5,-5.41E-13,104.12,1.6506,-219.15
232.85,23.121,161.18,0.11404,-219.15
153.1,46.151,104.57,-0.94586,-109.57
144.25,68.999,145.88,1.9159,54.786
151.44,91.575,116.6,-3.8736,-273.93
123.11,113.79,81.674,4.3748,219.15
116.85,135.55,118.11,-4.8553,109.57
121.93,156.78,98.958,0.074487,-328.72
217.52,177.4,171.56,-3.0329,54.786
114.58,197.31,91.198,-0.85992,-328.72
161.47,216.44,125.35,-4.1208,164.36
222.48,234.72,165.01,-3.4964,-219.15
266.03,252.07,189.85,-4.6473,-54.786
246.04,268.43,176.88,4.5286,-273.93
132.36,283.72,90.558,-0.84296,164.36
204.18,297.9,126.03,4.5944,-164.36
152.76,310.91,100.46,3.8465,-273.93
175.9,322.68,163.18,-1.5314,273.93
125.6,333.18,88.458,4.7836,273.93
176.98,342.37,126.17,-2.1692,219.15
160.38,350.21,106.95,3.522,54.786
194.93,356.66,134.19,-0.66187,54.786
172.85,361.71,108.38,4.6009,219.15
132.43,365.32,100.43,2.8328,164.36
171.45,367.5,101.89,1.4858,-109.57
197.56,368.23,164,-3.9741,273.93
94.445,367.5,61.951,-1.9863,328.72
163.53,365.32,102.84,-3.9046,328.72
202.58,361.71,150.75,-4.3801,0
218.01,356.66,185.99,-3.8255,54.786
158.49,350.21,117.76,-0.27012,-328.72
153.43,342.37,122.8,-2.4485,-219.15
152.28,333.18,105.09,-0.35589,-273.93
208.33,322.68,161.99,0.13981,-54.786
152.69,310.91,90.219,-0.031351,328.72
166.74,297.9,118.52,-2.6008,-328.72
142.74,283.72,101.54,3.8248,273.93
254.28,268.43,191.77,3.2203,164.36
143.87,252.07,122.36,0.39302,219.15
149.68,234.72,113.12,2.797,-54.786
204.03,216.44,118.95,4.1182,-273.93
114.75,197.31,67.703,2.0559,0
121.1,177.4,76.107,2.1592,328.72
142.99,156.78,107.69,3.2909,164.36
104.47,135.55,51.918,-3.9306,-219.15
176.23,113.79,123.45,-1.7756,-328.72
177.67,91.575,125.28,1.6328,219.15
178.27,68.999,155.87,0.72155,-164.36
190.35,46.151,117.27,-1.176,-219.15
128.47,23.121,77.331,-1.3455,109.57
114.79,1.89E-12,92.079,3.2794,54.786
141.2,-23.121,68.703,2.2679,-328.72
177.13,-46.151,124.69,-1.239,219.15
137.84,-68.999,113.28,-4.3997,164.36
167.34,-91.575,123.83,1.2756,-219.15
124.5,-113.79,77.993,4.7522,54.786
146.37,-135.55,120.62,0.8435,-273.93
132.21,-156.78,87.436,0.995,-109.57
149.69,-177.4,112.43,2.2741,164.36
114.15,-197.31,93.359,2.0098,328.72
185.37,-216.44,136.44,-4.6588,-219.15
97.331,-234.72,85.144,0.12247,0
73.819,-252.07,53.697,0.70254,-328.72
183.18,-268.43,152.18,0.24131,0
180.12,-283.72,149.36,-2.2658,54.786
125.86,-297.9,124.35,-4.3356,54.786
128.06,-310.91,97.546,0.15771,-109.57
154.18,-322.68,139.84,3.5591,-328.72
144.5,-333.18,131.95,4.7961,-164.36
138.61,-342.37,94.617,4.0711,164.36
96.864,-350.21,64.015,3.499,-54.786
161.28,-356.66,153.16,-1.6447,328.72
168.74,-361.71,121.64,-4.794,-54.786
127.08,-365.32,106.78,-1.7746,328.72
204.53,-367.5,150.94,-3.2518,54.786
251.62,-368.23,212.76,-0.3358,-54.786
115.5,-367.5,79.092,-1.9137,273.93
172.6,-365.32,136.2,-4.7227,273.93
149.88,-361.71,90.241,-2.2497,-164.36
181.25,-356.66,137.19,-0.48063,-54.786
98.675,-350.21,64.851,-1.7317,54.786
164.98,-342.37,121.14,-3.8971,-54.786
110.23,-333.18,93.225,-0.17684,54.786
201.9,-322.68,118.09,-1.0022,219.15
229.5,-310.91,142.37,-2.0896,0
187.45,-297.9,111.21,0.327,219.15
200.62,-283.72,147.75,-0.31546,-273.93
95.289,-268.43,69.042,-2.8365,-273.93
163.88,-252.07,122.69,-2.3789,-273.93
121.14,-234.72,90.93,-4.3793,219.15
235.55,-216.44,169.71,1.6605,-273.93
149.31,-197.31,104.51,-0.79279,219.15
152.4,-177.4,138.95,-1.1904,-328.72
180.86,-156.78,131.36,4.2074,-219.15
64.639,-135.55,59.937,-2.7118,273.93
217.34,-113.79,152.88,-0.21402,-164.36
162.33,-91.575,118.44,-3.9651,-109.57
176.46,-68.999,128.51,0.046856,109.57
210.44,-46.151,182.11,0.87556,-383.5
119.78,-23.121,89.807,-0.10199,0
157.39,-3.25E-12,101.57,-4.0533,164.36
148.33,23.121,111.6,-2.8939,-54.786
186.9,46.151,128.14,-1.069,54.786
84.791,68.999,64.693,-2.9883,-109.57
185.82,91.575,143.77,1.6155,-109.57
144.44,113.79,111.51,3.1713,-273.93
157.45,135.55,116.28,-3.0766,-164.36
208.58,156.78,145.77,-0.012356,-219.15
203.47,177.4,147.75,-0.74892,-273.93
150.05,197.31,118.89,-2.8026,219.15
173.37,216.44,139.52,3.3667,0
126.37,234.72,115.71,2.1346,-54.786
151.82,252.07,116.94,0.15604,109.57
153.32,268.43,105.63,2.4058,0
135.25,283.72,104.87,-2.2927,328.72
143.65,297.9,105.13,0.99081,-219.15
181.32,310.91,121.36,1.5784,-328.72
242.79,322.68,174.54,2.3129,-383.5
174.8,333.18,116.16,2.8451,-273.93
103.93,342.37,83.802,3.8417,273.93
143.17,350.21,131.55,-0.76357,273.93
104.68,356.66,98.574,-3.8159,-109.57
120.69,361.71,108.93,-0.29798,-273.93
199.25,365.32,160.52,-0.53466,273.93
146.42,367.5,122.78,-2.3852,-164.36
167.25,368.23,135.2,-2.4625,54.786
235.95,367.5,173.81,3.5268,-109.57
156.19,365.32,129.55,-2.2037,54.786
171.05,361.71,114.6,-2.5039,54.786
161.4,356.66,113.92,-1.9456,-273.93
148.68,350.21,129.27,-0.33534,219.15
140.64,342.37,107.67,1.1721,0
137.79,333.18,86.777,-0.38258,-328.72
123.33,322.68,87.242,3.7757,-328.72
131.16,310.91,76.808,2.4514,109.57
204.58,297.9,153.99,-4.1759,0
126.63,283.72,103.58,-4.7132,-383.5
173.81,268.43,135.13,0.82577,-54.786
198.03,252.07,141.31,-4.5462,109.57
116.57,234.72,97.516,3.9249,-219.15
196.15,216.44,137.64,-2.8001,-54.786
101.47,197.31,77.79,-3.3139,-219.15
207.68,177.4,163.6,3.1583,219.15
161.89,156.78,115.08,3.3378,0
178.13,135.55,141.2,1.4224,-383.5
261.85,113.79,206.33,-0.51161,109.57
121.9,91.575,84.994,-4.7215,-219.15
243.54,68.999,185.78,0.086298,-328.72
179.98,46.151,117.52,1.919,-328.72
154.06,23.121,131.33,-3.7163,0
119.74,1.98E-12,96.274,3.9602,0
143.52,-23.121,103.21,4.2321,273.93
222.69,-46.151,181.9,-0.9127,328.72
136.18,-68.999,99.867,-0.56999,328.72
195.18,-91.575,140.62,2.7525,109.57
213.93,-113.79,145.47,-4.0745,273.93
144.94,-135.55,122.5,0.047724,273.93
148.68,-156.78,120.93,0.16582,219.15
188.96,-177.4,103.63,-0.77408,-219.15
184.9,-197.31,132.28,-0.30616,109.57
175.71,-216.44,145.52,4.6219,-273.93
132.33,-234.72,102.27,-0.57538,164.36
141.34,-252.07,87.155,0.20501,328.72
66.911,-268.43,50.892,-3.0056,-273.93
201.24,-283.72,148.96,-4.2279,-109.57
223.55,-297.9,153.55,-2.7671,109.57
141.96,-310.91,120.58,0.41928,164.36
103.11,-322.68,76.039,-2.7223,0
176.26,-333.18,145.3,-2.8692,0
111.35,-342.37,107.46,-2.3776,54.786
190.32,-350.21,141.03,-0.51555,-383.5
124.56,-356.66,63.403,-2.5421,109.57
139.35,-361.71,108.37,2.4024,-273.93
148.22,-365.32,87.107,-1.0073,219.15
156.14,-367.5,118.55,-1.3723,219.15
136.12,-368.23,137.88,-0.80446,273.93
178.68,-367.5,118.32,-4.3918,54.786
92.127,-365.32,56.71,3.539,328.72
196.68,-361.71,161.67,-1.8989,0
185.83,-356.66,150.13,2.8717,164.36
111.2,-350.21,103.92,2.7825,273.93
161.82,-342.37,121.66,1.0024,0
168.91,-333.18,113.48,0.028847,164.36
153.3,-322.68,117.94,-3.3049,164.36
168.44,-310.91,102.22,1.9642,-164.36
186.35,-297.9,141.65,-0.13301,54.786
206.57,-283.72,185.11,-4.2819,-328.72
223.42,-268.43,140.43,0.048609,328.72
181.26,-252.07,130.92,3.1397,164.36
78.443,-234.72,33.815,0.71549,-273.93
111.75,-216.44,99.05,-0.52344,-109.57
87.885,-197.31,49.985,4.4916,-164.36
102.91,-177.4,95.356,0.082163,219.15
149.1,-156.78,114.06,4.2327,0
188.87,-135.55,150.02,-2.0352,328.72
168.32,-113.79,113.13,-2.7765,-328.72
231.25,-91.575,147.28,-0.56808,-328.72
169.85,-68.999,128.58,-4.8102,219.15
160.44,-46.151,97.363,-0.15029,0
148.24,-23.121,107.68,-2.6114,164.36
113.94,-7.22E-13,90.663,3.1704,328.72
113.1,23.121,77.958,0.26084,328.72
133.53,46.151,88.818,4.2962,328.72
239.12,68.999,190.38,-2.2096,219.15
158.39,91.575,112.95,0.73795,-328.72
158.88,113.79,109.59,3.1089,-54.786
141.07,135.55,109.71,1.0161,328.72
134.26,156.78,88.682,-0.46213,-219.15
236.59,177.4,176.02,4.4108,328.72
188.12,197.31,137.88,3.9379,109.57
196.15,216.44,163.58,0.27409,-328.72
179.37,234.72,121.59,0.66386,164.36
186.44,252.07,127.92,-4.4799,-273.93
208.21,268.43,153.35,0.43938,54.786
206.15,283.72,155.11,-0.21882,-164.36
170.38,297.9,141.15,1.7332,-273.93
146.44,310.91,80.655,2.1883,54.786
148.25,322.68,126.05,2.9068,328.72
78.102,333.18,68.145,1.6902,-328.72
144.9,342.37,102.18,-2.6686,-109.57
156.2,350.21,120.63,-0.14651,328.72
161.77,356.66,138.13,3.3582,-273.93
121.5,361.71,107.97,2.5464,0
98.44,365.32,65.673,-2.4417,328.72
128.86,367.5,118.95,0.89122,-109.57
104.33,368.23,79.405,-0.99078,-109.57
200.56,367.5,158.85,3.2155,-219.15
181.37,365.32,138.77,2.9718,219.15
143.04,361.71,122.84,1.7874,-383.5
166.44,356.66,144.68,-1.6013,-109.57
148.4,350.21,98.059,-0.023103,54.786
160.58,342.37,119.66,0.34183,-54.786
151.05,333.18,107.48,4.1894,109.57
250.68,322.68,147.69,2.3451,383.5
178.02,310.91,140.2,0.066662,109.57
125.29,297.9,96.59,0.65365,-328.72
178.95,283.72,122.49,-2.7197,-109.57
127.27,268.43,105.35,-3.6604,-328.72
167.07,252.07,119.18,-0.37611,-54.786
172.05,234.72,133.29,4.3064,-164.36
181.54,216.44,144.35,4.2042,219.15
204.93,197.31,146.67,-2.0307,109.57
140.8,177.4,119.01,-3.9033,-273.93
138.69,156.78,99.46,-0.90575,328.72
219.99,135.55,178.26,1.4086,328.72
154.67,113.79,110.19,-0.90444,-164.36
142.73,91.575,93.797,-4.5176,-109.57
179.76,68.999,151.99,0.6338,-383.5
109.63,46.151,63.804,-1.1707,109.57
105.73,23.121,102.69,-2.5343,273.93
98.943,2.07E-12,69.534,-3.6836,328.72
72.123,-23.121,76.267,-3.0019,164.36
141.38,-46.151,101.29,-3.9026,328.72
154.28,-68.999,112.89,-2.2154,273.93
156.63,-91.575,129.29,4.2631,-328.72
168.14,-113.79,97.692,-0.30692,-219.15
164.25,-135.55,143.94,-3.4575,164.36
150.64,-156.78,132.58,-0.62996,-328.72
141.82,-177.4,114.4,-1.3534,-383.5
168.51,-197.31,120.98,-0.85668,54.786
66.919,-216.44,51.847,-3.8568,-328.72
126.74,-234.72,82.018,-4.7615,383.5
122.82,-252.07,90.645,4.6935,-109.57
141.49,-268.43,94.604,-2.3917,-219.15
197.54,-283.72,132.49,1.8931,219.15
141.41,-297.9,122.04,3.6752,-383.5
126.83,-310.91,104.04,0.99825,328.72
147.17,-322.68,116.6,1.0788,164.36
183.82,-333.18,121.42,4.6984,-273.93
209.62,-342.37,165.61,2.7507,-328.72
125.96,-350.21,92.166,-2.9452,-164.36
162.6,-356.66,129.59,-1.8651,-109.57
185.43,-361.71,122.77,-0.34142,-219.15
167.52,-365.32,109.98,-3.028,-219.15
158.99,-367.5,114.87,4.6389,164.36
154.31,-368.23,97.265,-4.5728,-273.93
146.65,-367.5,93.024,-0.34415,109.57
170.18,-365.32,149.66,2.9519,54.786
170.36,-361.71,102.23,-2.7033,383.5
181.59,-356.66,141.88,-0.75179,-273.93
147.95,-350.21,115.44,-3.1216,-328.72
151.23,-342.37,97.662,1.4825,-328.72
149.81,-333.18,146.41,-2.3587,-219.15
177.71,-322.68,142.44,-3.6479,328.72
190.99,-310.91,136.79,0.49856,-109.57
190.78,-297.9,121.84,-1.9626,-273.93
165.93,-283.72,133.62,-2.6956,164.36
146.33,-268.43,100.3,-4.1164,328.72
52.315,-252.07,48.489,2.4969,-109.57
123.13,-234.72,102.37,-1.8953,-219.15
197.6,-216.44,146.51,4.5606,-109.57
252.27,-197.31,172.96,1.9243,-328.72
124.7,-177.4,79.238,-4.2915,-219.15
138.68,-156.78,104.74,1.0527,-273.93
118.24,-135.55,114.11,2.8222,109.57
190.16,-113.79,137.37,1.811,-54.786
142.81,-91.575,103.17,2.8839,-273.93
178.14,-68.999,143.59,4.4824,-273.93
223.51,-46.151,156.07,2.3948,54.786
254.21,-23.121,200.27,3.942,-273.93
118.26,-8.12E-13,89.513,-1.7887,219.15
149.15,23.121,94.007,-0.11531,219.15
120.16,46.151,107.71,-1.8637,54.786
182.46,68.999,125.96,-0.51293,109.57
166.19,91.575,127.58,0.6918,-54.786
201.23,113.79,147.13,-3.5057,-219.15
155.15,135.55,113.28,-3.3906,273.93
137.27,156.78,109.83,-0.41866,0
176.46,177.4,114.78,-0.37088,54.786
111.63,197.31,65.988,2.333,-328.72
172.7,216.44,126.15,2.7705,0
201.66,234.72,141.95,3.295,-328.72
185.44,252.07,124.54,-0.95372,54.786
222.09,268.43,171.68,-1.1353,219.15
0,283.72,7.486,1.7694,164.36
213.44,297.9,174.61,-0.52634,-219.15
181.01,310.91,116.35,3.0202,383.5
211.22,322.68,130.48,-0.69958,0
182.7,333.18,136.95,-2.2788,-54.786
182.01,342.37,140.34,-0.024338,-219.15
132.16,350.21,61.463,4.6067,54.786
214.97,356.66,158.69,3.5194,-328.72
174.63,361.71,89.39,4.7359,-273.93
207.88,365.32,160.7,-4.0925,-54.786
107.34,367.5,72.111,-1.2086,-164.36
244.21,368.23,136.65,-4.1069,-54.786
181.06,367.5,145.99,-4.1873,328.72
164.25,365.32,121.31,0.123,-328.72
134.2,361.71,123.97,0.33725,219.15
113.3,356.66,100.85,-3.2834,-164.36
164.09,350.21,131.39,-2.5878,-273.93
102.13,342.37,63.11,-3.202,0
124.53,333.18,88.533,-3.3325,0
192.66,322.68,147.11,3.0332,219.15
223.47,310.91,160.04,-0.37942,-54.786
224.05,297.9,153.12,3.1654,-273.93
186.7,283.72,145.45,-3.8557,-273.93
178.65,268.43,148.32,1.7965,-328.72
157.96,252.07,100.66,3.6013,-219.15
107.86,234.72,84.393,3.2337,328.72
190.12,216.44,153.24,1.4424,54.786
157.51,197.31,122.93,3.9198,328.72
101.32,177.4,96.05,-1.6014,-164.36
167.5,156.78,83.788,-2.4566,-109.57
231.9,135.55,183.16,2.3351,-219.15
143.15,113.79,97.616,-0.22978,-219.15
166.63,91.575,113.79,1.1693,-54.786
153.53,68.999,111.73,-2.8718,-54.786
210.9,46.151,145.95,4.3749,-273.93
118.78,23.121,91.017,3.5548,109.57
181.7,-4.51E-13,144.98,-4.6515,-328.72
168.07,-23.121,103.93,0.63273,164.36
104.74,-46.151,78.946,-4.7802,-109.57
133.65,-68.999,118.42,4.0226,0
183.7,-91.575,145.55,-0.18138,-273.93
89.5,-113.79,72.487,1.3055,-273.93
170,-135.55,124.81,-1.8026,-54.786
139.69,-156.78,77.886,0.37707,328.72
153.9,-177.4,104.72,0.09841,0
200.02,-197.31,130.18,1.3723,273.93
107.28,-216.44,94.689,1.7729,54.786
198.36,-234.72,142.81,1.4689,-383.5
200.2,-252.07,137.49,0.075723,273.93
80.923,-268.43,83.446,4.1766,0
150.08,-283.72,108.18,-2.0391,273.93
165.29,-297.9,119.58,1.1431,-109.57
106.68,-310.91,65.87,4.6422,164.36
174.69,-322.68,141.38,0.30029,328.72
121.95,-333.18,88.356,-1.7728,109.57
250.01,-342.37,150.92,-0.75919,164.36
155.89,-350.21,98.604,-3.4881,273.93
192.09,-356.66,140.44,-3.5806,-109.57
159.09,-361.71,132.04,4.7055,273.93
165.09,-365.32,129.53,-2.4299,164.36
149.23,-367.5,111.77,3.1926,273.93
200.13,-368.23,145.83,-4.6665,54.786
109.68,-367.5,103.99,4.5289,-54.786
140.85,-365.32,114.11,-1.137,-109.57
201.17,-361.71,162.03,-1.5436,383.5
106.61,-356.66,88.592,-2.9094,-328.72
183,-350.21,127.03,-1.0208,109.57
124.93,-342.37,89.627,-0.42666,0
133.06,-333.18,117.3,-1.8974,164.36
190.94,-322.68,129.66,-1.3818,109.57
148.76,-310.91,108.29,-0.035586,109.57
128.63,-297.9,98.272,-3.9421,328.72
140.81,-283.72,93.785,-1.1337,-54.786
140.66,-268.43,105.82,-2.7178,328.72
60.168,-252.07,40.61,-4.4496,-54.786
163.84,-234.72,103.85,-1.089,-54.786
128.05,-216.44,82.193,-3.4527,-219.15
120.1,-197.31,96.774,-2.527,273.93
161.24,-177.4,125.33,1.9279,-54.786
90.649,-156.78,72.752,0.61951,54.786
181.66,-135.55,122.13,0.11792,328.72
164.95,-113.79,105.28,-3.6659,164.36
121.03,-91.575,108.95,1.2793,0
219.54,-68.999,153.65,1.3688,-219.15
199.3,-46.151,138.51,3.3397,-219.15
207.85,-23.121,152.13,-0.12168,164.36
115.97,-3.52E-12,83.89,1.809,328.72
